x1,x2,Cluster
1.503749234,2.329308266,1
1.463149492,1.798525892,1
1.22573389,2.434165072,1
1.380166457,2.123228192,1
1.558909025,0.951509786,1
1.57795886,1.897492954,1
1.258384765,2.231576534,1
1.427264797,0.83521003,1
1.174665464,1.483799962,1
1.448704321,0.822949814,1
1.720355901,1.68512817,1
1.651156302,2.357029032,1
1.452353289,1.341099804,1
1.697488941,0.506372446,1
1.648278026,1.811526376,1
1.517869453,0.790929136,1
1.309011229,2.02461299,1
1.460969923,1.353465438,1
1.685104252,1.332372892,1
1.596595705,0.975306218,1
1.380737873,1.40246517,1
1.062942632,1.430307026,1
1.365026812,1.859457476,1
1.076187762,1.415435742,1
1.246960396,1.566018216,1
1.425267689,2.040109252,1
1.362488914,1.658386972,1
1.325568235,2.578535042,1
1.479647799,1.93636642,1
1.449243894,2.397738858,1
1.129251909,1.432705902,1
1.484410787,0.839961074,1
1.693713268,1.450510964,1
1.536985192,1.610793048,1
1.224011284,1.826243636,1
1.212897128,2.077605134,1
1.572417446,1.09559355,1
1.148182649,0.27671695,1
1.435091198,0.923166406,1
1.369687402,0.795214024,1
1.71731028,2.563068426,1
1.347491024,2.046654238,1
1.334267493,2.117249324,1
1.666894781,1.83709349,1
1.306469603,1.905471218,1
1.494236933,1.526469924,1
1.546505031,1.655550788,1
1.439758264,1.385272052,1
1.364477083,1.384206866,1
1.631045527,2.217142432,1
1.419872491,2.246735556,1
1.433088687,2.15906873,1
1.773590791,0.72352368,1
1.927553421,1.056354654,1
1.601163853,1.191791302,1
1.657268477,2.237899622,1
1.319557611,1.184552108,1
1.606579398,0.91982304,1
1.370821149,0.94323074,1
1.558197498,0.992257828,1
1.252481106,1.846166396,1
1.408764745,1.886644266,1
1.333935469,0.202072272,1
1.568023129,1.60975328,1
1.713275279,2.188212114,1
1.743225168,2.083808958,1
1.647138132,1.671760534,1
1.403758277,0.138030638,1
1.612548953,1.618613486,1
1.250736058,1.398551982,1
1.576184443,1.441734302,1
1.213914549,1.386488524,1
1.290310899,1.311307122,1
1.45629929,1.73364128,1
1.202012753,3.057946192,1
1.734541256,2.497778872,1
1.204034596,1.169675078,1
1.413922437,1.31976766,1
1.289672272,1.997754072,1
1.804517269,2.980106134,1
1.618565611,1.796506084,1
1.455467698,1.638318088,1
1.642578855,0.916263436,1
1.643320167,2.308246122,1
1.588048373,1.624833086,1
1.531766124,0.871843862,1
1.631952828,1.643917466,1
1.944103933,1.445605244,1
1.263210985,1.760083846,1
1.485208833,2.432634596,1
1.416729065,1.715847782,1
1.461703531,1.955389974,1
1.513908956,1.102015284,1
1.731069664,1.835543968,1
1.618991469,1.830920566,1
1.216070978,2.2306268,1
1.178664551,2.29347849,1
1.67858518,0.979337224,1
1.529633591,1.44731916,1
1.745405678,2.36421056,1
1.347639132,2.501526784,1
1.583875081,1.95424568,1
1.292011327,1.22158873,1
1.642314793,2.075409722,1
1.373357397,1.675230742,1
1.612634933,1.793652982,1
1.632197337,1.332650074,1
1.168389829,2.06010636,1
1.705633595,0.757898186,1
1.725590723,0.894371932,1
1.243969079,1.906957882,1
1.725773645,2.390059158,1
1.407173095,3.035747768,1
1.436847958,1.559338354,1
1.684858629,1.47772896,1
1.515428945,2.797860672,1
1.707984721,2.525930676,1
1.648377241,0.862997424,1
1.751108972,3.186692796,1
1.690183793,2.054208224,1
1.403726879,2.233207116,1
1.540576356,2.174766938,1
1.493652051,2.100327434,1
1.26088394,1.498434658,1
1.624736247,1.357339814,1
1.317039103,1.777360944,1
1.549751602,1.460875296,1
1.287475441,1.331153062,1
1.427203551,1.613386478,1
1.258601029,1.626680378,1
1.785842556,1.8884327,1
1.626687178,1.981371914,1
1.100636876,0.399554564,1
1.363633565,1.185606698,1
1.407988904,1.521612886,1
1.303386161,1.39344893,1
1.599066343,1.568552306,1
1.6451635,1.657674352,1
1.633459746,1.759844232,1
1.690957287,1.932876086,1
1.164933564,2.341267528,1
1.258962922,1.771080028,1
1.107349502,1.324724244,1
1.794150462,1.974086814,1
1.574494468,1.165602946,1
1.713175867,2.571651222,1
1.606129974,1.229995954,1
1.520396689,1.830724634,1
1.767556493,2.868712788,1
1.517446954,0.98285958,1
1.421779159,1.06792722,1
1.450026503,2.3626876,1
1.731020949,0.636948736,1
1.327054552,2.27336403,1
1.326664332,2.895063186,1
1.035796594,1.856947968,1
1.621766034,2.320707214,1
1.73000121,2.21901407,1
1.260080466,1.992324552,1
1.183999849,2.807249064,1
1.630633239,2.256777906,1
1.390118303,2.035845612,1
1.604210905,0.760205718,1
1.360119387,0.827322902,1
1.412218137,1.018950714,1
1.364536141,0.557988546,1
1.691828239,2.099018414,1
1.206365334,1.144628134,1
1.536752779,2.8930462,1
1.212970563,1.346044672,1
1.27252002,1.596610038,1
1.417070935,1.840217038,1
1.528786858,1.380593318,1
1.712404866,1.342513698,1
1.385841219,1.746818276,1
1.755436275,2.93186575,1
1.545657864,1.788561884,1
1.438237387,1.261728956,1
1.691965826,0.708582306,1
1.609764475,1.849179156,1
1.585102619,1.28316179,1
1.628700007,1.38971763,1
1.227938771,2.038373162,1
1.460298779,1.2660255,1
1.623860535,0.730143678,1
1.913641921,0.968802144,1
1.438943049,1.190296828,1
1.556249122,1.232235292,1
1.638263467,2.734468022,1
1.509272288,1.51275368,1
1.522605872,1.216345768,1
1.699066375,1.353294372,1
1.363769728,1.805675128,1
1.244588551,0.920051948,1
1.20626045,1.639642182,1
1.437305187,1.62279986,1
1.159268101,2.152638848,1
1.229897069,2.880979384,1
1.279581265,1.240103842,1
1.280091397,2.346667876,1
-0.231782807,0.586782352,2
0.27270062,1.59371141,2
0.674457625,1.498817846,2
-0.037530028,-1.765507628,2
-0.495343642,0.042093376,2
-0.982594681,-0.945879184,2
-0.980018281,-0.487373414,2
-0.576399126,-2.356688858,2
0.279114707,-2.333287448,2
-0.449695756,-0.418502624,2
-0.253147862,0.70615086,2
-0.206888369,0.280852514,2
-0.383851713,1.275668958,2
0.389174716,-0.268498876,2
0.667727845,0.065421552,2
-1.400572523,-0.769272572,2
-0.908794233,-1.459699212,2
-0.345935689,0.041762266,2
-0.050186488,1.242557528,2
-0.693631171,0.4573505,2
-0.010042631,-1.166082202,2
0.293222983,-1.825611314,2
-0.437251463,-2.288038796,2
0.100904976,0.26395292,2
0.044818203,-1.321954612,2
-0.291462946,-1.0693599,2
-0.48193574,1.357981118,2
0.291806419,-1.605136068,2
0.407406052,-1.111693172,2
0.338037672,-0.70090716,2
-0.249476612,-0.870068044,2
0.173560981,1.427448562,2
-0.192201262,0.109897126,2
0.132340844,1.416613432,2
-0.321797867,1.338809464,2
-0.223712511,-0.070866338,2
0.202958679,-0.120628852,2
-0.751118034,-0.361485538,2
-0.601681091,-1.781390722,2
-0.209312122,0.732541734,2
0.41869891,-0.546936748,2
-0.5037453,0.203534988,2
0.202717063,0.181134756,2
-0.090314033,0.299811364,2
-0.232152946,0.516293146,2
-0.561420998,1.118638042,2
-0.010741959,-1.848842442,2
0.355395591,0.265123344,2
-0.186101562,-0.027655274,2
-0.717034011,0.336385358,2
0.265587002,-1.572488592,2
-0.809353839,-0.500310714,2
-1.207334021,-1.395523908,2
-0.483011692,0.278117382,2
-0.314973153,-2.365819002,2
-0.374123325,-0.354826276,2
-0.337231508,-0.7905741,2
-0.215724354,0.119693904,2
0.154786395,-1.464123376,2
-0.34397936,0.615833236,2
-0.491581708,-0.302653234,2
0.500698248,1.590820488,2
-0.234415436,2.606530066,2
0.242545206,0.778715168,2
-0.207671135,-0.758657654,2
-0.797384071,1.132456264,2
0.880254649,0.2656216,2
-0.497477769,0.310574842,2
0.226077992,0.590907138,2
-0.212832693,1.544294686,2
-0.415983876,0.47293762,2
-0.970257427,-0.094651404,2
0.20313255,1.114124814,2
-0.311693919,-0.65874788,2
-0.699826342,1.442407862,2
0.299396451,0.594342046,2
-0.276885351,-0.301884568,2
0.164790492,0.186210992,2
-1.063307872,0.26538686,2
0.315844213,1.177033732,2
-0.371243986,-0.796139634,2
-0.302001157,-0.404993752,2
0.330863296,1.26866512,2
0.135476048,0.478713858,2
-0.786000271,-0.073493258,2
-0.446501079,-1.630996594,2
-0.157557664,-0.310300194,2
-0.937606703,-1.133061162,2
-0.846569141,-0.812763256,2
-0.108929318,0.221104904,2
0.168486681,1.879835564,2
-0.332481376,-1.541086764,2
0.314893612,-1.242853464,2
-0.177095679,0.129200618,2
-1.08157325,1.259002282,2
-0.409164139,-0.339251104,2
0.232314124,1.10011709,2
-0.297256535,0.120326778,2
-0.563778625,-0.787824666,2
-0.547319803,-0.258546748,2
0.147790018,-0.645672812,2
-0.472003839,-0.317863704,2
-0.130714185,0.705420186,2
-0.263775216,-0.05447627,2
0.117399773,0.58595473,2
0.477740197,-0.203661692,2
0.295987475,0.236712392,2
-0.188225303,-0.894729286,2
0.4628858,0.322109178,2
0.252489256,-0.46390879,2
-0.760964253,-1.225276122,2
-0.137291816,-0.006858656,2
0.147003439,-0.199299296,2
-0.213294063,-0.56279145,2
0.181625823,-1.192435322,2
0.25203869,1.361574416,2
-0.042521075,-0.024723,2
-0.049276669,-0.760420096,2
-0.300697163,0.122040124,2
0.001637956,-0.419295384,2
-0.731921389,-0.395472018,2
-0.247319781,0.824918472,2
-0.453299387,1.049186078,2
0.071076538,1.738793286,2
-0.319152706,1.468543874,2
0.051168899,0.753065128,2
0.471372291,-0.72952652,2
-1.160001016,-0.025388748,2
-0.739937154,1.055779822,2
0.280803158,-0.405017608,2
0.317537088,-1.761078246,2
-0.223837738,-0.065665568,2
-0.474024938,-1.138600124,2
-0.781375722,1.882235166,2
0.317650624,0.061996692,2
0.270467636,-0.50981659,2
0.145618031,0.86270129,2
-1.118693009,0.095747604,2
-0.756724005,-1.267830514,2
-0.754350698,-0.96018803,2
-0.629218738,-0.969689836,2
-0.576570201,-1.382922534,2
-0.434573724,0.818787424,2
0.213888488,-0.143258676,2
-0.016415117,1.696925336,2
-0.677378029,1.810408098,2
0.116755709,-0.341081304,2
-0.908921964,-0.093771968,2
-0.435088969,1.362532,2
-0.712948125,-0.00446762,2
-0.324853864,0.957205642,2
-0.47951012,0.163449004,2
-1.257539907,1.362525226,2
0.130008951,0.6742823,2
-0.077229475,1.079308182,2
-0.223215783,0.286092748,2
0.170627764,-0.80224854,2
-0.287476744,-0.959359868,2
0.197253399,0.221708886,2
-0.969333737,-2.187892322,2
-0.621086074,0.350896968,2
0.156159105,-0.373921672,2
1.216456111,1.129761644,2
0.096604297,0.894533838,2
-0.282988502,2.569588068,2
-0.128024618,1.341551624,2
0.37054594,-0.430401542,2
-0.377266716,1.163237258,2
-0.053124005,-1.191306534,2
0.078328678,-1.507662998,2
0.173377891,-0.602791136,2
0.396755633,-0.556556366,2
0.263809196,1.489622766,2
-0.109281617,0.786947624,2
-0.718186074,-0.764613932,2
-0.225111477,-1.132325352,2
0.197313175,0.553545934,2
-0.602372376,0.588307064,2
-0.500393979,0.693440178,2
0.497606553,-0.137933886,2
-0.675040037,-0.780982606,2
-0.366788167,-0.460230938,2
-0.827928064,1.864101264,2
-0.312189614,1.518924424,2
-0.434130786,2.526374722,2
0.064127679,0.268812762,2
-0.45500502,-1.175117214,2
-0.415608653,-0.08883294,2
0.180608093,0.330753024,2
-0.242231938,-0.738836092,2
-0.349627709,-0.1719412,2
-0.270493032,-0.280032024,2
-0.089406677,-0.754191018,2
-0.105466963,-1.207188876,2
0.624669664,1.48437972,2
-0.716023994,-2.040748202,2
0.028475779,1.489957398,2
0.514156091,1.85075842,2
-0.114823903,-0.186312428,2
0.153876858,-0.68183823,2
-0.560788106,0.249696832,2
-0.221899983,0.0600159,2
-0.742701884,-0.459197814,2
-0.073107769,0.710151024,2
0.358287648,-1.039725896,2
-0.684489527,1.46764788,2
-0.281656664,2.886415684,2
-0.82098053,-1.420881904,2
0.007219867,-0.19521559,2
-0.367536121,-1.062046454,2
-0.883781286,-1.444547218,2
0.793265069,0.896386716,2
-0.000786506,-0.841830642,2
-0.469547282,-0.043326808,2
-0.554792558,-0.158587796,2
-0.89255094,-0.396684216,2
0.041819649,0.67870393,2
-0.548510031,0.414854656,2
0.090136659,-0.014026486,2
-0.212292792,-1.578197244,2
-0.24688895,0.068429162,2
-0.160710825,-3.011769946,2
-0.470742889,-0.207851014,2
-0.219698542,-0.445389136,2
-0.424287904,-1.287417494,2
0.759661946,0.049470568,2
-0.235948841,0.423540288,2
-0.528659367,0.357677828,2
-0.314784705,-0.360897392,2
-0.14748845,-0.171065582,2
-0.62483358,-2.768635228,2
0.093432414,-1.125702484,2
-0.070923121,0.888991018,2
-0.339591909,0.523800504,2
0.313410266,0.248431612,2
-0.60579522,0.45319444,2
-0.40402571,0.409999244,2
-0.266867898,0.043940424,2
-0.321067114,0.479148188,2
0.610588189,-1.36064365,2
0.160362255,0.322120506,2
-0.145828384,0.210789956,2
-0.280515582,0.253320816,2
-0.522734696,-0.301218752,2
0.05764965,0.325310248,2
-0.334663648,0.639388034,2
-0.892681404,2.087583332,2
-0.095231735,-0.281146632,2
-0.566679039,0.72234457,2
-0.42742579,0.11926514,2
-0.546328177,0.499780468,2
0.130197565,0.712844166,2
-0.520052914,-0.246184504,2
0.190332035,-0.982369124,2
0.880030212,-0.476110792,2
-0.254155839,-1.166717092,2
-0.242412466,0.17332398,2
-0.737625522,0.977580984,2
-0.022751269,0.632965904,2
0.184447097,-0.456610156,2
-0.296574327,0.38913743,2
-0.166818044,-0.061482892,2
-0.344689903,-0.19656549,2
-0.06645592,-0.30417487,2
-0.093756232,0.08203809,2
1.005162299,2.201796494,2
-0.337892055,0.943907276,2
0.225022981,-0.068171564,2
-0.49187403,-1.416854206,2
-0.177380912,1.210322496,2
-0.012868115,2.09260911,2
-0.3490581,0.217071902,2
-0.115935325,1.641458518,2
0.315843322,0.208731168,2
-0.85073582,-0.178801798,2
-0.513414604,-0.116463118,2
0.004365241,0.613431248,2
0.287050422,0.33002242,2
-0.077956301,-2.245435118,2
-0.115882547,0.578298536,2
-0.012453614,0.341146086,2
-0.961737029,0.462785034,2
0.295360914,-0.154379562,2
-0.043600443,-0.880921726,2
-0.212479567,-0.190488146,2
-0.847520209,0.999005844,2
-0.019493489,0.128393104,2
-0.476337345,0.008151916,2
0.362178249,-0.473661878,2
-0.880537075,2.181368706,2
-0.123101761,1.071271516,2
-0.481182705,0.447354148,2
-0.523422345,-0.009984702,2
-0.455279497,1.697702838,2
0.494938171,0.11933669,2
-1.104191305,1.56773611,2
-0.844988838,-0.192408748,2
0.06149608,0.541323258,2
0.161152291,-1.508488026,2
0.101843395,0.221615406,2
-0.290724308,0.087055652,2
-0.478387451,0.54764321,2
0.002658943,-0.490210024,2
0.046493717,0.008594096,2
-0.86675171,0.29342418,2
-0.33450169,1.655159246,2
0.002871943,-0.125498662,2
-0.878956281,-0.237176168,2
-0.28277089,-0.417980658,2
-0.359438811,0.24258688,2
-0.675447931,0.008908604,2
-0.018973838,1.25272316,2
-0.116964118,-0.63758733,2
-0.68404895,0.800110876,2
0.106966022,-0.258093952,2
-0.439611077,-0.673654334,2
-0.824389109,-1.966759032,2
-0.598265617,1.272257898,2
0.237300403,-1.358935214,2
0.166857154,3.04926521,2
-0.509219742,-0.759986564,2
-0.390334327,0.342417324,2
-0.652281274,-2.97059475,2
-0.371534173,-0.57579578,2
-0.53583346,-0.524956882,2
-0.440394669,0.399262504,2
-0.509556311,-1.12412168,2
-0.55699694,0.533832014,2
-0.214292739,1.492646694,2
-0.321671241,-0.224040844,2
-1.404865513,0.122786976,2
-1.003409223,0.69232425,2
-0.218548564,-0.494067416,2
-0.343814826,0.380568278,2
-0.278008665,-0.544965602,2
-0.805788054,-0.20308992,2
-0.556813219,-0.397404158,2
-0.545082597,1.97918282,2
0.020781659,0.981774376,2
-0.275293565,-0.244352218,2
-0.330058697,-0.157096052,2
-0.41477538,-0.047819108,2
-0.348590965,0.948044326,2
0.089122809,-0.874519,2
0.282276753,0.644548604,2
0.27366125,-1.854951022,2
0.068476174,1.958100106,2
0.270200829,-0.149832338,2
-0.124589411,1.250154372,2
-0.000374561,0.145898734,2
-0.979047325,0.344228932,2
-0.031705102,0.506532646,2
0.2693905,0.130399014,2
-0.778492623,-0.330164516,2
-0.346700482,0.71883068,2
-0.443118494,0.863548644,2
-0.072051449,1.25694893,2
0.239939069,-0.28504143,2
-0.362414651,-0.948041892,2
0.764298571,0.341508904,2
0.263559954,0.442440066,2
-0.064644163,-1.11636165,2
-0.017529062,0.382290808,2
-0.325617867,1.030857576,2
0.361737608,0.075445328,2
-0.36410798,2.171126912,2
-0.235241006,-0.38528749,2
-0.070049762,1.423045076,2
0.27403992,0.178359554,2
-0.302203429,-0.020748106,2
0.153779168,-0.930039012,2
-0.395424428,0.332305494,2
-0.490950469,0.995741898,2
-0.675302109,0.636584324,2
-0.415176966,-1.571935338,2
-0.152259513,0.637025522,2
0.327271238,-0.779890718,2
0.377232223,1.209265282,2
-0.100389515,-1.466300434,2
0.126280931,-1.249820526,2
-0.493843123,-1.53317415,2
-0.096738689,0.507381966,2
-0.541144308,-0.24413995,2
-0.113740497,0.638289928,2
-0.483684085,0.489366484,2
0.084346209,-2.083731448,2
-0.378948744,-0.349977066,2
-0.335319322,-1.867745792,2
0.006893369,-0.154553928,2
-0.160518562,-0.268858498,2
0.097474246,0.921947638,2
-0.311420057,-0.57148212,2
0.015628672,0.434397228,2
-0.235335788,-0.173843418,2
-0.498303003,-0.892786696,2
-0.82403138,-1.209685178,2
0.23318261,0.361120526,2
-1.136422401,-0.48947061,2
-0.117477894,1.092403434,2
0.105897028,-1.39840771,2
-1.050027432,1.489377158,2
0.008471467,0.323787806,2
-0.21856916,-1.032177228,2
-0.659788688,-1.939459894,2
0.051735323,1.269447286,2
-0.49058859,1.236714464,2
-0.354566929,-1.828252516,2
-0.468685756,0.302551136,2
0.160154476,-0.578424402,2
0.154736676,-0.195621788,2
-0.043888755,-1.04185668,2
-0.571004596,0.32026127,2
0.098335692,-1.565444258,2
-0.002070337,0.178700618,2
-0.208772585,-0.275232006,2
0.035208931,-0.132141714,2
0.10259643,-0.06777094,2
-0.397610509,-1.16538178,2
-0.493326251,-0.444220886,2
-0.200408158,-0.437762582,2
0.122330279,1.737858788,2
0.243723753,-1.63509675,2
-0.323871793,-0.002187484,2
-0.563431299,0.81549256,2
-0.094789549,0.796865052,2
-0.208367123,0.177176924,2
-0.284937003,0.708969862,2
-0.612441568,0.767232088,2
-0.144195704,-1.30142226,2
-0.133512806,0.01027373,2
-0.59386386,0.655073742,2
-0.190946372,0.744557638,2
0.114132013,0.214606196,2
-0.67167581,2.059427674,2
0.564316311,0.286895554,2
-0.415200598,-1.675353184,2
0.153710572,-1.001560466,2
-0.141076145,-0.778075726,2
-0.603370945,-0.218521708,2
0.135275597,0.082575066,2
-0.667295655,2.631828862,2
-0.018272747,-0.401009888,2
-0.114970853,-0.467661734,2
-0.421234539,1.807632036,2
-0.19062799,0.922406972,2
0.059271556,-0.096428482,2
-0.897117894,0.834029844,2
0.038065064,0.39545728,2
-0.551411605,0.449183032,2
0.057775029,0.77318735,2
-0.451639401,-0.170145616,2
-0.239280076,0.19159118,2
0.07368708,0.978088014,2
-0.753874412,-1.500128322,2
0.421978234,-2.350594364,2
-0.525736537,-0.19325409,2
-0.537452434,-0.861475524,2
0.20997097,1.20299344,2
-0.153718649,-1.117115748,2
-0.103402384,-0.172328094,2
-0.756326457,-1.314264848,2
0.410424338,-0.10965356,2
-0.181393505,-0.292800944,2
0.295992944,0.181143724,2
-0.076570946,0.409133638,2
0.114251042,-0.822658546,2
0.246991482,1.322035412,2
-0.201992909,0.447468326,2
-0.271367284,0.50821542,2
0.078491628,-1.786251168,2
0.008718883,-0.256174764,2
-0.379130636,0.801069498,2
-0.037839758,0.90852409,2
-0.49478577,1.234584398,2
-0.097700794,-0.481347652,2
-0.313973402,1.852814746,2
-0.21244853,-0.193601094,2
-0.394343555,1.470563888,2
-0.254035234,-0.683644138,2
-0.792287489,-0.012325016,2
0.30254765,0.17348025,2
-0.11638334,0.753541838,2
-0.074737284,-0.214988096,2
0.230059295,-0.448375294,2
-0.31465007,-0.310051806,2
-0.212790971,1.357536564,2
-0.497093359,-1.105088886,2
0.634088077,-0.27790725,2
0.141956164,1.347612002,2
0.200178398,0.71965729,2
-0.673647164,-0.079505638,2
-0.816441022,0.2147322,2
-0.2846932,0.044293884,2
-0.131858972,0.343526596,2
-0.47631095,-0.032624306,2
0.479088296,-1.024218996,2
-0.229075985,0.215795504,2
-0.487043543,-0.594081684,2
-0.366605775,-0.22986382,2
0.677434704,0.611733062,2
0.01693913,0.888350496,2
0.209467044,-1.108739672,2
0.125130443,-1.480079632,2
0.320410831,0.422531508,2
0.027182564,-0.240635474,2
-0.248028577,-0.885316258,2
-0.396801083,0.41859351,2
-0.11969121,2.301460278,2
-0.13408028,0.678571624,2
0.077463078,0.570994338,2
-0.146670299,1.299678154,2
-0.495785263,-0.190980832,2
-0.359007526,1.520650546,2
-0.097136544,-0.658108768,2
-0.312069568,-0.188098948,2
0.203187037,0.442278438,2
0.26208785,1.164883272,2
-0.28111798,1.521366496,2
-0.328563819,-0.667226362,2
-0.848421567,-0.827779148,2
0.027242104,-0.415743938,2
0.068512099,-1.9019301,2
0.384103809,-1.779736756,2
-0.85508775,0.390121218,2
0.319400433,0.754018576,2
-0.261479932,1.16623795,2
0.431659538,-1.77003062,2
0.622094074,1.55976422,2
0.31379466,-1.5762761,2
-0.033038673,-1.102723388,2
0.263941443,-1.367658078,2
-0.003363898,-0.586168116,2
0.240803487,0.13742577,2
0.027428172,-1.113267928,2
-0.345566834,0.711732936,2
-0.145217452,0.765126474,2
0.089710171,0.237712966,2
0.415992642,-0.606296322,2
0.194796934,-0.739082272,2
-0.578408799,-0.14729628,2
-0.445072274,-0.847492624,2
0.314754636,0.995036532,2
-0.422660064,0.994387536,2
-0.209191089,0.107168976,2
0.329896449,0.771575996,2
-0.094440932,-2.710141776,2
0.136535608,-0.482336774,2
-0.305654996,0.678988882,2
0.154707717,-0.224332418,2
-0.109805698,-0.880644728,2
0.01793309,-0.389949236,2
0.270500291,-1.422406064,2
-0.325430097,0.61729524,2
0.002150675,0.90841103,2
0.415880519,-1.91469659,2
0.396401084,-0.256018478,2
-0.102524206,-1.56775812,2
-0.366125731,-0.177330898,2
-1.014069105,-0.568319398,2
-0.457343159,-0.542745528,2
-0.178471408,-0.510518334,2
-0.355824754,-0.40990427,2
0.551130221,0.545596996,2
-0.783042691,0.61275332,2
0.089542151,-0.827197918,2
-0.687230505,-0.154071616,2
-0.322303548,0.308505668,2
-0.190240913,-1.79750288,2
-0.05909356,-0.464509864,2
0.129515902,0.717297368,2
0.039114624,-0.406994754,2
0.318254986,-1.345481896,2
-0.431226472,1.502684324,2
-0.130810008,-0.386527364,2
-0.432478498,0.319274366,2
-0.513036239,-0.405522902,2
-0.866731682,-0.7981315,2
-0.485389299,0.706712416,2
-0.402670331,-0.12620706,2
-0.478073578,1.05548464,2
0.016643124,-1.366636016,2
-0.432430919,0.172994342,2
-0.02766718,0.542938244,2
0.068680476,-1.059397928,2
-0.373402922,0.251832346,2
-0.512393372,0.999269564,2
-0.033480727,3.38614121,2
-0.52864824,-1.204089644,2
-0.115569644,-0.800766734,2
0.101929268,0.32550536,2
0.512043901,-1.03909875,2
0.066379073,-1.429067774,2
-0.204293528,0.371625156,2
-0.680421843,0.639594926,2
-0.457359114,-1.045609788,2
0.118916924,1.71186903,2
0.01129931,-0.294011706,2
-0.086532104,1.256907494,2
-0.204855722,0.43839754,2
-0.276765511,-0.96461427,2
0.220005472,0.460515062,2
-0.085562969,0.235025312,2
-0.103774067,0.643257324,2
0.133082083,0.913198122,2
-0.289193286,0.988286004,2
-0.084662324,0.112741338,2
-0.336156827,-1.490049932,2
0.224533848,-0.443235608,2
-0.683619551,1.36234413,2
0.220962761,1.045235742,2
-0.249095678,0.233931466,2
0.099435091,-2.55241798,2
0.408028666,-1.768718734,2
-0.257345455,-0.659570612,2
-0.392634666,0.370733194,2
-0.585387488,-0.592803334,2
0.249924084,0.999725558,2
-0.286161637,-0.206180516,2
-0.66806043,-3.14329735,2
-0.37421994,-0.818429408,2
-0.539121404,1.715569844,2
0.064858737,-0.43109504,2
0.011013326,0.22273668,2
-0.265151357,1.693567624,2
-0.352062079,-1.672210416,2
-0.427510386,-0.108027516,2
-0.490467016,-0.557345316,2
0.318717288,-1.695270068,2
-0.532627998,1.45838456,2
-0.799881721,-0.392244594,2
0.499125841,0.184410224,2
0.060626294,-0.703397554,2
0.219747698,1.319000606,2
-0.641778073,0.558785292,2
-0.850155098,-0.601693292,2
-0.659075332,-0.572465554,2
-0.227236416,0.517083196,2
0.398212407,0.991764478,2
-0.038503134,0.020518364,2
0.092569325,0.579294566,2
0.411387154,-0.874439408,2
0.096978694,-1.371702822,2
-0.142444068,0.3153024,2
-0.586787662,2.373843312,2
0.23606326,-0.036757138,2
-0.231293572,0.252535598,2
-0.447481131,1.265782336,2
-0.289755397,0.38186503,2
0.055060967,-1.81796989,2
-0.329752869,-0.606366348,2
0.268816655,0.420156502,2
-0.196872994,1.050889092,2
-0.918339819,1.11567113,2
-0.488218083,-0.644480148,2
-0.59987862,2.59335734,2
-0.38327113,0.039343064,2
-0.451358128,-1.186485266,2
-0.088836836,0.569209948,2
0.454236354,-1.624557974,2
-0.825979806,0.653354382,2
-0.392770275,-0.148558728,2
0.603777247,1.253434452,2
-0.119849402,0.075420658,2
-0.288502466,0.078301776,2
-0.621891533,-0.500526412,2
-0.287015167,-0.35888552,2
0.412293087,-1.01297458,2
-0.105300771,-1.417577336,2
0.269656733,-0.922210084,2
-0.396571579,-0.113937864,2
-0.615224885,-0.97894204,2
0.207708419,-1.496589568,2
-0.842567455,-0.430627946,2
-0.320135617,2.63448683,2
-0.091933419,-0.114493266,2
0.341894981,-0.350860908,2
-0.820330419,0.14074731,2
0.250466469,1.74148579,2
-0.154727348,0.795310352,2
-0.554812618,0.477831246,2
-0.452343514,0.048771398,2
-0.047557019,-1.394521356,2
0.645364881,2.031406162,2
-0.02077739,-0.344342692,2
-1.378686618,-0.182393034,2
-0.230898442,-0.697148092,2
-1.102432047,-0.447286384,2
-1.014610101,-0.108874498,2
-0.833548606,-2.597077692,2
-0.416992623,2.74448686,2
-0.022753558,0.746065106,2
-0.343922161,0.306651186,2
-0.304523316,-0.935395294,2
-0.084895239,-1.334538668,2
-0.691132939,-0.78542292,2
-1.258798809,3.696978176,2
-0.804836929,-0.633530914,2
0.055486657,-1.006316208,2
0.126696759,-0.145331248,2
-0.462346643,-0.194723632,2
-0.865894775,-0.499489332,2
-0.300333678,0.481553996,2
-0.082777155,-0.682364708,2
-0.599395312,0.822298562,2
0.327633823,-0.1705571,2
-0.15692975,-0.04325807,2
0.491914751,0.190544374,2
0.094426754,0.068577418,2
0.798267131,0.512993072,2
0.005119369,-0.31937533,2
-0.943083515,0.934113824,2
0.090952627,-0.027315666,2
-0.061001169,1.09086155,2
0.136986186,-1.774593004,2
-0.213021357,0.169128862,2
-0.646610769,0.00248021,2
-0.600904546,-0.604631968,2
-0.631969347,-0.47020411,2
-0.234830968,2.932528766,2
-0.730026245,-0.115286554,2
-0.312383411,-0.970073788,2
-0.62283963,-0.98003528,2
0.559697339,0.05357009,2
0.408412827,-1.434876708,2
-0.089463065,0.41541117,2
-0.681139604,0.918862574,2
-0.522396849,0.208403092,2
-0.412291483,-0.042853738,2
0.095507744,-1.214770826,2
0.864962103,-0.480364626,2
-0.439653507,-1.098861624,2
-0.383548655,0.614622604,2
-0.818456746,0.621312998,2
0.186813931,-1.924524996,2
-1.159014175,-0.383052294,2
0.345032158,0.377450474,2
-0.112165657,-2.030812104,2
-0.461114655,-0.38616191,2
-0.086046492,-1.566172746,2
-0.121681696,2.505655276,2
-0.587787712,0.768801996,2
-0.661668941,-1.710373508,2
-0.215662539,1.01812613,2
-0.336294594,0.703015514,2
0.227095205,0.37737292,2
-0.25534714,2.424818124,2
0.14332308,0.79905641,2
0.248270064,-0.627094092,2
-0.550836117,-0.427753274,2
-0.488705113,2.254291254,2
0.001163094,0.715433604,2
-0.749665855,-0.127249262,2
-0.185279986,1.08685216,2
0.034480365,-1.195215172,2
0.073577404,0.54595267,2
-0.427502452,0.049677774,2
-0.091857743,-0.331807702,2
-0.416774799,1.137261228,2
-0.038956126,2.347629362,2
-0.274635969,-1.236149226,2
0.057100305,-0.486145292,2
0.068589983,-0.597195042,2
-0.360415876,0.142532978,2
0.666010326,0.420329582,2
-0.75811741,-1.707017818,2
-0.268280048,1.153435158,2
-0.267773772,0.862104874,2
-0.213193354,-0.331193726,2
0.755407908,0.497232746,2
-0.596004773,-0.372186948,2
-0.240421669,-1.718764158,2
-0.965659631,0.975528444,2
-0.419549749,0.430112402,2
0.085557965,0.418550418,2
0.549795494,0.823960458,2
0.117863001,0.621131202,2
-0.237885471,-0.80945983,2
-0.738822432,-0.656646386,2
-0.109430194,1.759813252,2
-0.190356281,-0.799242788,2
-0.921880487,0.592075082,2
0.096238596,0.357370054,2
-0.346310957,-0.992711574,2
0.1752175,1.018735394,2
-0.305856523,-0.043027722,2
-0.266544999,1.660420354,2
-0.201553004,1.079846742,2
-0.025931964,-0.381514788,2
-0.448008164,-0.146209552,2
-0.298304983,-1.814513968,2
-0.244643018,1.38970319,2
0.008350985,-0.951888418,2
-0.303270264,1.568895738,2
-0.228448628,-1.872117516,2
0.259786959,-2.092551984,2
-1.172029154,-0.98845647,2
-0.884179204,-1.024219796,2
-0.09659104,-0.514850348,2
-0.000791483,0.039733144,2
-0.2197584,-0.6991854,2
0.3978704,-0.5629902,2
-1.232709,0.1054459,2
-0.1755866,-0.870169,2
-0.0689003,0.5324014,2
-0.1485365,1.0952226,2
-0.3987519,0.605946,2
-0.02713024,-1.3611668,2
0.3650578,-0.02866074,2
-1.029368,-0.003296922,2
0.07576129,-0.225377,2
0.06127008,-0.11938726,2
-0.1207801,-1.0290246,2
0.3598353,0.4464182,2
-0.05432632,-0.5083276,2
0.4563086,-1.2437248,2
0.2541086,-0.1105059,2
-0.6865762,-1.094466,2
0.1603948,-0.07385582,2
-0.444784,0.8050118,2
0.2525655,0.7109538,2
-0.6624713,0.13963124,2
-0.6406914,0.001829658,2
0.03113896,0.13327758,2
-0.1276505,0.9568134,2
-0.9951692,0.012409394,2
0.3442381,0.6337338,2
-0.6696801,0.4991326,2
-0.5751638,1.832295,2
0.3073256,-0.2320592,2
0.3456021,0.01403249,2
-0.936887,-0.7280678,2
-0.425927,-1.0695608,2
-0.8639876,0.6147812,2
0.3010279,-0.5651108,2
-0.85296,1.9131558,2
0.2214653,1.5792946,2
-1.307482,0.8907274,2
-0.9124214,-1.7547752,2
-0.09746434,0.2917274,2
-0.1978173,1.1192828,2
0.09670798,-1.3122566,2
-1.274241,1.3270728,2
0.2406485,-0.7271014,2
0.2872082,-1.4358306,2
0.4004082,2.335166,2
-0.6743613,1.0577128,2
-0.7687448,0.943641,2
-0.3949101,-0.9103768,2
0.03599223,0.2162482,2
-0.3816962,-0.8842848,2
-0.2842288,2.055954,2
0.1748256,1.7250042,2
-0.43481,-0.2468374,2
-0.001365604,0.08617604,2
-0.3040807,-1.3007518,2
0.3528906,0.5623146,2
0.02676879,0.04124236,2
-0.1700619,0.04650718,2
-0.564083,0.8059752,2
-0.5829013,-0.5736622,2
-0.711362,2.474328,2
-0.1971944,0.02575668,2
-0.2723265,-2.173646,2
-0.6557896,0.5386056,2
0.0975269,0.641521,2
0.04977667,-0.13306522,2
-0.7672932,0.8631266,2
0.1732565,-1.2607448,2
0.260259,0.6532072,2
-0.01198831,0.8488698,2
0.1518525,0.8843666,2
-0.5692988,-0.7913796,2
-0.09944826,0.2465946,2
-0.7014963,-0.3993842,2
-0.2621571,0.2982794,2
0.006928376,-2.67338,2
-0.03077428,0.3309118,2
0.2635434,-1.1094758,2
0.5631776,0.14560818,2
-0.1510734,2.422562,2
0.1808446,-0.07989858,2
0.3524966,1.9358048,2
-0.47541,-0.8508552,2
-0.2018902,0.5507884,2
0.08276266,2.067716,2
0.05525789,-0.010771788,2
-0.9149893,-0.5649302,2
-0.2821754,0.7942838,2
-0.1370879,-1.0026952,2
0.1112376,1.382103,2
-0.02168288,0.19236592,2
-0.2270201,-0.7682718,2
-0.7921989,-0.2655896,2
-0.2830116,0.2124458,2
-0.327893,0.9886682,2
0.3156347,0.3149628,2
-0.1708868,0.2023892,2
-0.2021301,-0.4800204,2
0.1275166,-0.6823274,2
0.180986,0.2199264,2
-0.9756386,-0.2100906,2
0.1515388,-0.8070766,2
-0.3609798,1.0021802,2
-0.5529548,0.4563892,2
0.04496307,-0.2376718,2
0.2523487,0.9005226,2
-0.854663,-0.3146076,2
0.2334385,-1.297903,2
-0.234211,-0.9005462,2
0.02525013,-0.7197794,2
-0.05100564,-0.8482068,2
0.2771967,1.2989816,2
0.0939341,0.9340674,2
-0.6030093,1.0215274,2
0.1549571,0.6956082,2
-0.03250124,-0.2223198,2
-0.08077401,0.6895336,2
-0.1567326,-0.513913,2
-0.1839738,-0.4534006,2
0.3886109,-0.6295026,2
-0.9023258,-0.5626586,2
-0.2370456,0.3164004,2
0.2951237,1.0064972,2
-0.03184197,0.5422394,2
-0.1339273,-0.5770874,2
-0.5311355,0.2231374,2
-0.1176803,-0.2323142,2
-0.5995815,-0.6562862,2
-0.1885967,1.9247914,2
0.08875574,0.4385332,2
-0.1185965,0.519553,2
-0.2997548,1.2859054,2
0.6285615,1.4981556,2
-0.5931076,-0.249105,2
-0.102935,-0.801309,2
-0.1986515,-1.5881284,2
-0.8204544,-0.8186826,2
0.2890764,-0.5755828,2
-0.3497311,-1.1425298,2
-0.1871964,-1.122349,2
-0.2923642,-0.3089326,2
-0.3111904,-0.647833,2
-0.7358141,0.7445868,2
-0.5338411,-0.14846746,2
-0.06749326,-0.439572,2
-0.5445252,-1.251204,2
-0.02336168,-0.9545944,2
0.09230816,-1.7920322,2
0.3513293,-0.7916322,2
-0.007504768,0.2314986,2
-0.427356,-1.495436,2
-0.356579,0.592716,2
0.05715449,1.0892132,2
-0.08951755,0.8426466,2
-0.3032532,0.016077476,2
0.3863319,-0.431056,2
-0.9893104,1.0939652,2
0.168044,-0.07408882,2
-0.2596285,0.4366006,2
0.294955,2.049922,2
0.01095221,0.03240098,2
0.3961971,0.6934706,2
-0.3569726,-1.1765812,2
-0.1248142,-1.2558758,2
-0.2045094,0.9627472,2
-0.6983704,1.161974,2
0.1775873,-2.43859,2
-0.01623387,-0.2488612,2
-0.8612916,-0.8398328,2
-0.5093641,1.0785002,2
-0.4759006,-0.5357274,2
0.4687331,-0.04869192,2
-0.2384199,1.7321656,2
-0.5184018,-0.4064928,2
-0.2898975,-1.010959,2
-0.7040691,1.0106556,2
-0.7705609,-0.3888344,2
-1.261455,1.798463,2
-0.6154637,-0.672866,2
0.03192974,0.2277232,2
0.6997054,1.1788494,2
-0.3389204,-1.8882806,2
-0.05643147,-1.3786872,2
-0.4249365,-0.8711658,2
-0.5840201,-0.08808982,2
-0.06298536,-0.6043892,2
-0.6185952,-0.5340042,2
0.02133403,-0.2190682,2
-0.3122075,0.04955586,2
-0.3016005,0.2373942,2
0.1964997,0.11820766,2
-0.4641414,-0.8199132,2
0.07731662,-0.3366146,2
0.4109136,0.4610476,2
-0.1052174,0.9261588,2
0.2695507,1.4729794,2
-1.194459,-1.148959,2
0.3989699,0.2431376,2
0.1895283,0.5341072,2
-0.3936462,-1.3981352,2
-0.08925973,1.7868796,2
-0.2860891,0.872878,2
0.4833083,1.0677664,2
0.4153725,-1.177852,2
-0.2944855,0.643742,2
-1.030573,1.6967898,2
-0.4422772,0.6913564,2
0.1809439,-0.3076686,2
-0.6750771,-0.05264812,2
1.325032,1.2275652,2
0.05859576,-0.2909538,2
-0.1404525,-0.8607416,2
-0.6290323,0.5116108,2
-0.1289424,-0.4950406,2
-0.3138718,0.268791,2
-0.4838117,-0.19267802,2
-0.4909239,-0.4474114,2
0.6735965,-1.1751018,2
-0.3681369,0.2218256,2
-0.2549451,-0.6530004,2
-0.4090543,-0.553162,2
0.3873849,2.24985,2
0.43594,-1.5838944,2
-1.023222,-0.2945838,2
0.2049444,-0.12719108,2
-0.7373426,-0.86047,2
-0.9044589,0.387263,2
0.3453052,0.03594776,2
-0.2668317,-1.4112628,2
-0.4832723,1.483394,2
-0.0864228,-0.851082,2
-0.2834174,1.3583136,2
-0.1813922,0.4154228,2
-0.6901893,-0.3644468,2
-0.003153865,0.7852262,2
0.6919178,-1.2313902,2
0.9432166,-0.2179478,2
0.1993754,-0.2087352,2
-0.2264944,-0.290151,2
-0.8195594,0.3910686,2
-0.07093352,-1.1454352,2
-0.09914606,-0.721534,2
0.07650893,0.482533,2
0.2733533,0.564335,2
-0.8128416,1.0444736,2
0.3294245,-1.0023438,2
0.1276883,-1.0388826,2
0.520101,1.2682046,2
-0.8475436,0.05421668,2
-0.20631,-1.7037948,2
0.1170382,0.002967682,2
-0.6507896,1.584768,2
0.02640565,-0.5119302,2
-0.3078755,3.158034,2
-0.1867662,0.7621068,2
0.02093356,-2.375316,2
-0.6563966,0.8609616,2
0.2749956,1.7407218,2
-0.08182961,0.71643,2
-0.5166129,0.8356524,2
-0.7355192,0.3832058,2
0.5436035,0.6043316,2
0.3172576,-0.2132872,2
-0.2234148,0.05673138,2
0.2012191,-1.2699236,2
0.3287427,-0.780524,2
0.5103323,0.10439438,2
0.1793476,-0.4902702,2
-0.4934552,0.53108,2
-0.1519163,-0.5414736,2
-0.2067485,0.4203894,2
0.36661,-1.0867396,2
-0.4201747,-1.0619932,2
-1.026114,0.5683828,2
-1.158861,0.9011188,2
-0.5235021,-0.2507792,2
0.2044943,-0.2253138,2
-0.7588933,1.5737768,2
0.5006569,1.0603996,2
-0.1318995,0.8768222,2
-0.5064171,2.572266,2
0.2536212,2.134426,2
-0.000195005,-0.308587,2
-0.3121673,0.4575118,2
-0.1684902,0.132467,2
0.5364648,2.057056,2
-0.200854,-1.4342004,2
0.1354702,-0.6765524,2
0.5395272,-0.7285686,2
-0.4847094,-1.8005372,2
0.111779,0.8458618,2
-0.5442685,1.3975208,2
-1.015451,1.2117636,2
-0.8808785,0.10053784,2
0.3953293,1.39636,2
-0.2624787,-0.205361,2
-0.04211099,0.1306775,2
0.6079758,0.8900842,2
-0.4616585,0.11805626,2
-0.01440642,-0.9413236,2
-0.08435025,0.2546968,2
-0.1813313,-1.1473344,2
-0.3220527,-1.3964484,2
-0.5153581,0.1341061,2
-0.1799261,-0.1365077,2
-0.3592013,-0.798276,2
-0.3747352,1.0286486,2
-0.2534146,-0.5678956,2
-0.2259316,1.1519494,2
0.03995274,2.289984,2
-0.5197975,0.8017976,2
-0.9106143,0.3909922,2
-0.8195941,0.6145942,2
0.3563016,1.2135128,2
0.2676467,0.02383346,2
-0.7224099,0.6453134,2
0.4227443,-0.944918,2
0.1900568,1.5044466,2
-0.6703501,0.3754478,2
-0.2169106,-0.3465582,2
-0.2349452,1.3870262,2
0.8104648,-0.5981826,2
-0.3369413,0.7689422,2
-0.5627323,-0.3328404,2
-0.6214974,-0.8557658,2
-0.8435308,-0.3025916,2
-0.1089344,0.4533146,2
-0.3708923,1.906443,2
-0.06562721,-1.0620016,2
0.400275,-0.5882168,2
-0.3669448,-2.021368,2
0.0406985,0.13278596,2
-0.3953105,0.8016528,2
0.1058313,-0.7272714,2
-0.5741253,-0.3823374,2
0.0123059,0.4451128,2
-0.1809619,-0.04204046,2
-0.1996331,-0.4302656,2
-0.6261885,-0.5775562,2
-0.8760617,-0.9162036,2
0.583676,-0.4437584,2
0.009547392,-0.6834294,2
-0.2771019,1.3492058,2
0.1830955,-2.256908,2
-0.1316009,-1.1731576,2
-0.9002447,-0.4464584,2
0.2510186,0.016322064,2
-0.9353987,0.4021326,2
-0.4156161,1.5795222,2
-0.4427516,0.7246392,2
0.280346,-0.324961,2
-0.3194281,0.5205048,2
-0.6496538,0.351092,2
-0.4785202,-2.652554,2
0.3125839,-1.1692694,2
0.4119392,0.5713168,2
-0.7800601,-0.6857406,2
0.2044632,-0.674908,2
-0.5985172,1.2261392,2
-0.6604764,2.37368,2
0.2567106,-0.5617466,2
-0.2298474,0.6599082,2
-0.6587733,-0.959548,2
0.2486039,-1.1535638,2
-0.7772507,0.15663126,2
0.3307976,1.8125088,2
0.2814281,-0.5955766,2
-0.2635009,-1.1521632,2
-0.01361127,0.09005048,2
-0.5934787,-0.855132,2
-0.1460357,-1.124553,2
-0.2590182,0.0437397,2
-0.09354423,-1.471519,2
-0.3864583,-0.9129026,2
-0.7083954,0.6343506,2
0.2337954,-1.1335142,2
0.4847054,0.3760344,2
0.2388222,-1.2963418,2
-0.688129,-0.6023166,2
0.03945534,1.566156,2
-1.001869,-0.668629,2
-0.315621,-0.11975254,2
-0.3083906,-0.247123,2
0.3911226,0.303597,2
-0.5483763,0.8116048,2
-0.132002,-0.3234292,2
0.1931703,0.019199664,2
-0.1242831,-0.258797,2
0.4234616,-0.02170032,2
-0.09655288,0.4199344,2
0.4121017,-0.08842512,2
0.2472866,-0.4247628,2
-0.730153,-1.1717758,2
-0.1455052,-0.6286456,2
-0.7842415,-2.584504,2
-0.3384766,0.5465728,2
0.2228471,-0.4331016,2
-0.346409,-0.2481006,2
0.1845656,1.1141972,2
-0.5665781,-1.090505,2
0.4506083,0.6414484,2
-0.02489731,1.592893,2
-0.5357744,-0.04836592,2
0.1415701,0.9574222,2
0.08236368,-1.1334702,2
-0.02016374,0.13799958,2
0.03003849,0.16049222,2
0.5246159,-1.012282,2
-0.08880439,-1.5892544,2
-0.318343,-0.3937066,2
0.3358405,-0.18709952,2
0.2706189,-0.8020162,2
-0.5138445,0.2850166,2
-0.5254611,-2.917206,2
0.3131561,-1.0285632,2
0.108759,1.0352194,2
-0.1019335,-0.7637536,2
-0.5847913,0.9722474,2
-0.4944032,-0.5826684,2
0.2098538,0.7421426,2
0.02103371,-0.3740418,2
-0.4785467,-0.1666386,2
-0.04322073,-0.6580288,2
0.1864509,0.2546504,2
0.2207144,0.7248352,2
0.05344074,-1.4559862,2
0.1162932,-0.6207628,2
-0.247436,-1.2906946,2
0.5904022,-0.16793808,2
-0.2563591,0.8160876,2
0.2377008,-0.9527948,2
-0.5842454,0.6939736,2
0.4760316,0.07497016,2
-0.5273717,-2.223762,2
-0.2678356,-1.193623,2
-0.2678392,-0.3955218,2
-0.9629487,-1.9106898,2
-0.2578399,-0.11351954,2
-0.04271806,1.5032972,2
-0.4790894,1.5293124,2
-0.0800233,2.548618,2
-0.7166514,-1.4171906,2
-0.06969383,0.16338276,2
-0.02739342,-1.3176746,2
-0.4338461,-1.2756716,2
0.2301902,-1.5999536,2
0.3493978,-0.6157296,2
0.005138471,1.4748866,2
-0.3504042,0.50239,2
0.4000928,-0.4446496,2
-0.253825,0.4307344,2
0.01738171,0.4171586,2
0.08174516,-2.096898,2
-1.020775,-0.7784014,2
-0.8252853,-0.1566377,2
0.1899918,1.494115,2
0.7955995,0.13779304,2
-0.3295562,-0.3516306,2
-0.108884,-0.6381852,2
-0.132881,-0.5732322,2
0.09736439,-1.4831318,2
-0.5380905,-1.72576,2
-0.1402301,1.7282702,2
0.2917101,-0.9262778,2
0.01628201,-1.7187228,2
0.1259004,-1.7470002,2
0.01360222,0.7823596,2
-0.2391211,0.3378258,2
-0.07454952,-1.1308592,2
-1.240241,1.5386246,2
0.04732876,-0.17226652,2
-0.2439383,0.2061796,2
0.6604875,-0.7942682,2
0.2477516,-1.7262752,2
-0.1924522,0.1651254,2
-0.8213929,0.4380644,2
-0.8794974,0.995848,2
0.4184325,-0.659934,2
0.1155392,-0.2276756,2
0.1147171,-0.371888,2
-0.5340851,0.8547572,2
0.2884921,-0.427335,2
-0.4157874,-0.18228446,2
0.3221984,0.7170794,2
0.1876915,-0.230563,2
0.1735071,0.05216196,2
-0.3401184,0.11840708,2
0.3996818,-1.3788198,2
-0.01081117,-1.2237528,2
-0.8401021,-1.2227918,2
-0.5724139,0.590454,2
-0.2679494,1.0905578,2
-0.5605007,0.15855282,2
0.8529977,1.313523,2
0.2236271,-1.4231388,2
-0.3128055,-0.3529386,2
-0.0638849,0.3524322,2
0.2159531,-2.006134,2
-0.89053,-1.0754534,2
-0.6007818,-1.8497336,2
-0.2771272,-1.5467158,2
-0.576173,-0.4643562,2
0.1943604,-0.4038376,2
-0.09415518,-0.5784772,2
-0.4639575,-0.18317062,2
-0.7771893,-0.2407816,2
0.1148332,-0.5823978,2
-1.234758,0.3506898,2
-0.007435581,-1.0527678,2
-0.1952298,-0.751347,2
-0.2723302,1.5099692,2
-0.8637656,0.4343028,2
0.1710192,-0.3385882,2
-0.3268452,-0.04537034,2
0.6874209,-0.3230738,2
0.04264183,0.7856792,2
-0.3960038,0.09744326,2
-0.200498,2.087372,2
-0.9231575,0.6027486,2
-0.3380187,-0.7224074,2
0.320024,0.06870334,2
0.3622614,0.4043708,2
-0.4257102,1.984162,2
-0.07319475,2.769904,2
-0.01365094,0.6791842,2
-0.3473797,0.3798776,2
-0.39644,-0.0114371,2
0.07628578,0.7803346,2
-0.06111963,0.0269221,2
-0.1520253,-0.4316218,2
-0.7366978,-0.7902282,2
-0.1383065,0.4652572,2
-0.4456426,-0.5545958,2
-0.6239342,1.0437172,2
0.1224968,-1.234248,2
-0.4491325,-0.3949898,2
-0.2748443,-0.14410724,2
-0.5126867,1.2263652,2
-1.491799,2.798222,2
-0.314471,-2.623498,2
-0.5528521,1.2214472,2
-0.5029515,1.3082458,2
-0.3299061,-0.1454194,2
-0.2465446,-0.8603134,2
-0.3201418,-0.819507,2
-0.3617324,-0.7709376,2
-0.3916091,1.8913474,2
-0.3880301,-0.12796246,2
-0.1366509,-0.5175338,2
-0.2229652,-1.0615426,2
-0.4370224,1.8341666,2
-0.3232654,1.7218824,2
-0.1315152,0.3410266,2
-0.3977596,-0.4987464,2
-0.1574577,-0.513914,2
-0.3292311,1.3358516,2
-0.2417995,-0.923884,2
-0.06740036,-0.8777144,2
-0.1765275,0.7296388,2
0.05866756,-0.7002352,2
0.3714218,0.5730658,2
-1.100855,0.838304,2
0.2231032,1.0903082,2
-0.1402742,1.2652778,2
-0.5846422,0.593664,2
-0.6560449,-0.4942012,2
-0.007109284,0.3077024,2
-0.6469923,0.556689,2
-0.3641315,-0.6647164,2
-0.3759867,-1.20829,2
0.2529837,0.3389566,2
-0.541337,-1.888817,2
0.1308281,0.6752234,2
0.007945573,-0.03675934,2
-0.2337421,1.49012,2
0.3555898,3.184116,2
-0.5314298,2.346496,2
0.3154308,0.3607518,2
-0.3642816,-0.286818,2
0.5912003,0.15738662,2
-0.5705363,0.8505744,2
0.07285176,1.0283656,2
-0.2836275,-0.7082676,2
-0.07791397,0.8741396,2
-0.1927854,1.0038964,2
-0.2544056,-1.7315832,2
-0.4229477,-0.4781658,2
-0.2954657,0.2896194,2
-0.04998747,1.44035,2
-0.3224,0.731713,2
-0.1459666,-0.498504,2
-0.07252944,1.52214,2
-0.09368942,-1.8956634,2
-0.07944737,-0.2756388,2
0.2806999,-1.7492272,2
-0.9750858,0.4231552,2
0.09470586,-2.259052,2
0.1263424,1.9952834,2
-0.229169,0.7343914,2
-0.6836316,1.5180736,2
-0.2191945,0.4012592,2
-0.05692344,-1.9821602,2
0.1235958,-0.587964,2
0.05908895,0.9231594,2
0.03975356,0.3390888,2
-0.356691,1.5194174,2
0.06698514,-1.9387944,2
0.4755202,-0.3292292,2
0.4472825,-1.7956566,2
-0.412005,-0.09301502,2
-0.3124483,0.5201876,2
-0.08016451,-1.9996596,2
-0.3788429,-0.12808186,2
0.1001228,-1.013139,2
0.1494621,-2.15379,2
0.2712463,0.924616,2
-0.2379057,-0.13149114,2
-1.187238,0.2318652,2
-0.3501842,1.2015242,2
-0.07028406,0.3737668,2
-0.2614223,-0.4640346,2
-0.7106747,-0.5798162,2
-0.195214,0.779898,2
0.158394,0.7544704,2
0.4276821,-0.3529382,2
-0.3475928,-0.9624636,2
-0.9100574,0.328652,2
0.3221872,0.492624,2
0.5905478,-0.2677614,2
-0.2860583,-0.16837606,2
-1.323911,-0.21358,2
-0.4648307,-1.4607782,2
-0.308237,0.454135,2
0.3452899,-1.0573754,2
-0.731317,1.1449734,2
-0.1807408,0.8788696,2
-0.1174403,-0.7763364,2
-0.2734574,0.4295194,2
0.9030513,0.2285746,2
0.03629076,-0.5217166,2
-0.109181,-1.022018,2
0.1761815,1.6610894,2
0.625237,-0.5865516,2
-1.047635,-1.7821058,2
0.1321771,0.6121704,2
0.06269519,-0.7355874,2
-0.6209553,1.3103116,2
-0.3474826,0.9084384,2
0.03300986,-0.07275616,2
-0.2104879,1.2592012,2
-0.4285311,0.11216674,2
-0.9380307,1.847141,2
-1.381058,0.971762,2
-0.2699485,0.6228112,2
-0.3881795,0.4629406,2
-0.6789989,-1.1846612,2
-0.3036743,0.6779664,2
-0.3752987,1.8348516,2
-0.4829854,0.3541946,2
-0.1327234,0.8966548,2
-0.9500479,-0.9776498,2
-0.2345013,0.0366351,2
0.2036161,-2.240256,2
-0.4738796,-1.0644068,2
-0.4984261,0.3916332,2
0.1155768,0.7520786,2
-0.306527,-1.125949,2
-0.761745,1.0229064,2
-0.08940334,0.2309908,2
0.1709097,-0.14923928,2
0.2025617,1.8309588,2
-0.1267367,1.7683608,2
0.3468791,-0.0322565,2
-0.3457578,0.7535116,2
-0.2870858,-0.4327252,2
-0.4586292,-0.9800764,2
-0.493129,-0.6857766,2
-0.7381446,-0.2655792,2
-0.4013246,-1.3940586,2
0.4402695,0.96787,2
-0.2587769,1.0146214,2
0.1200458,-1.1021096,2
-0.3794685,0.10991018,2
-0.1426262,-0.2530674,2
-0.808305,-0.6258984,2
0.3829602,0.15837732,2
-0.8312654,-0.9248242,2
-0.7223474,1.5409864,2
0.5652073,-0.005284682,2
-0.8538984,0.1323822,2
-0.4080275,-1.6816042,2
-0.6803955,-0.6099202,2
-0.06501745,0.204796,2
-0.6344532,1.9366452,2
-0.8656846,1.2710674,2
0.03923889,-0.7454886,2
-0.3111128,0.6891592,2
-0.03674465,-0.2773904,2
-0.1760253,1.025672,2
-0.2014306,0.465475,2
0.01446502,1.0343292,2
-0.8164285,0.4421646,2
0.5815592,-1.835129,2
0.1136167,1.3390308,2
0.04975285,-1.1922966,2
-1.023764,0.3952028,2
-0.2568516,-0.2101494,2
-0.2928889,-0.3767406,2
-0.6240443,-0.8955126,2
0.2031942,0.5547672,2
-0.156444,0.3204724,2
0.223481,0.17258674,2
-0.09248373,-0.3982844,2
-0.3518424,0.11359948,2
0.04866755,-0.3268918,2
-0.462052,-0.5522104,2
0.1396537,1.8813846,2
0.1651278,0.642016,2
-0.8865564,-2.21622,2
0.1831628,-0.04047496,2
-0.2674233,1.414342,2
0.3481813,-0.06981,2
-0.1248579,0.652702,2
0.4049225,-2.919976,2
-0.08777618,-0.6284208,2
0.3442356,-0.06201732,2
-0.5465852,-0.6733936,2
-0.451012,0.17315284,2
-0.1975532,-1.8392348,2
-0.4390404,0.2763304,2
0.4153712,-0.4536982,2
-0.7050533,0.4831712,2
-0.216792,-1.3338016,2
-0.534847,-1.6013904,2
-0.07872753,0.3525154,2
-0.5692182,1.2628366,2
-0.1558813,-1.088554,2
-0.1268268,-0.9054976,2
0.649899,-0.800454,2
-0.6252417,-0.5935108,2
-0.1648553,-0.7472544,2
0.3733677,-0.6682938,2
-0.3403867,-0.8287714,2
0.09942546,0.2831428,2
-0.09281693,0.7548536,2
0.7548993,0.07458994,2
-0.300153,-0.3346948,2
-0.4319164,0.4499182,2
0.5777746,-0.09427754,2
-0.5408207,-0.8172914,2
-0.2941394,-1.6009106,2
-0.488989,-2.075938,2
-0.800652,-0.6231442,2
-0.09586528,0.2328068,2
0.09881325,-1.157925,2
-0.1731452,-0.6900372,2
-0.618961,-0.2370756,2
-0.1081591,-0.15892764,2
-0.1628111,0.508667,2
0.232462,0.000435912,2
0.4077181,1.0378368,2
0.1157607,0.18384704,2
-0.1457279,1.079111,2
-0.1371704,1.0601322,2
0.01908061,1.0954956,2
-0.1574368,1.1584832,2
-0.8380584,0.6197564,2
-0.2183326,0.2982634,2
-0.3356287,-0.4105122,2
-0.2899205,-0.2184634,2
-0.4641473,-1.6956634,2
0.1840629,-0.07815198,2
-0.6320138,-0.3470244,2
-0.2505444,-0.8239546,2
-0.6539955,-1.959589,2
-0.4653805,1.0184796,2
-0.003038034,0.388093,2
0.163054,-0.2806006,2
-0.1158809,-0.7382952,2
-0.7229864,-0.67654,2
-0.450863,0.10342894,2
-0.3454327,0.594229,2
-0.4922932,0.1889738,2
-0.1373007,-0.2564152,2
0.08611196,-1.5809142,2
-0.4998278,-0.5225402,2
-0.7161656,0.7673816,2
0.2670726,1.6403318,2
-0.2552362,-0.390704,2
-0.2988302,-1.3836648,2
0.2132664,1.0250258,2
-0.4966092,-0.5879612,2
-0.290623,-0.230635,2
-0.7678189,0.8135524,2
-0.4802772,-0.415946,2
-0.3358196,0.3495216,2
-0.1446292,0.08730644,2
0.21715,-1.1098454,2
-1.187481,-0.12486642,2
0.2887068,-0.07729162,2
-0.323146,-1.3456608,2
0.1032342,1.3901086,2
-0.4295454,0.4407198,2
-0.5754978,-1.5072984,2
-0.2110797,-0.2584526,2
-0.6264995,-1.6588798,2
-0.7401481,-0.08344176,2
-0.1698177,0.7626558,2
-0.5609092,-0.4771048,2
1.266708,0.6337944,2
0.2484739,0.3848324,2
0.0508572,-0.4930594,2
0.09229839,0.657728,2
0.557175,1.071738,2
0.04646544,-1.1127386,2
-0.8156248,-1.3811434,2
-0.5390676,0.07947448,2
-0.6536678,-2.57484,2
-0.5186823,-0.11291406,2
0.06056308,0.3703798,2
-0.1182404,-1.1293334,2
-0.7777635,0.3882818,2
-0.5878621,-0.8492792,2
0.1693552,-0.398233,2
-0.5458804,-0.2076964,2
-0.5094894,-0.3319,2
-0.435468,0.5057056,2
-0.1301419,-0.13035922,2
-0.079227,1.210412,2
-0.3637638,-1.6899304,2
0.4108817,-0.731124,2
0.565269,-0.5765508,2
0.07649289,-1.7081702,2
-0.02373137,0.6722564,2
0.2815446,0.290792,2
-0.8082106,-1.2053226,2
-0.06347351,-0.619808,2
-0.3392731,1.073202,2
-0.2833726,-0.26997,2
-0.0726493,-1.8207782,2
-0.2546343,-0.7107278,2
0.148286,0.698075,2
0.1183773,-0.5391068,2
-0.356001,1.4028462,2
-0.4467569,-0.02741418,2
0.140925,-0.3663106,2
0.1067014,-1.3540148,2
-0.258731,0.1743296,2
-0.9221261,0.467605,2
-0.1966815,0.4854518,2
0.01175967,0.7937556,2
-0.6096437,-1.1778128,2
0.385062,-0.6639856,2
-0.4389565,1.3068338,2
-0.4919071,-0.1989105,2
-0.188703,-0.2350686,2
0.3423336,-0.3111934,2
0.004326381,1.6486182,2
0.02521226,0.9289332,2
-0.25484,-0.2629088,2
-1.06244,1.5659148,2
-0.5694349,-1.1485872,2
-0.8221266,-1.0636638,2
-0.03798343,-1.0596504,2
-0.4841633,1.1683174,2
-0.131837,0.4294124,2
0.009712276,-2.16511,2
-0.3318821,-0.1507932,2
0.1135909,-0.2687904,2
-0.3093687,1.1290738,2
-0.546224,-0.3324432,2
-0.02157396,-0.9565408,2
0.04378646,-0.031562,2
-0.4726268,-1.7231794,2
-0.08081947,-0.14245302,2
-0.1041457,0.5637192,2
-0.3324159,-0.07862556,2
-0.2042063,-0.2041954,2
-0.06067612,1.3995866,2
-0.04338375,0.5839876,2
0.08777208,-0.2428588,2
0.3737862,1.232114,2
-0.7021879,-0.3576968,2
0.6257407,-0.2003388,2
-0.2673609,0.8265916,2
-0.2492446,0.2755272,2
-0.4611086,-1.831995,2
-0.09613622,0.3624742,2
-0.7683038,0.89327,2
-0.621433,-0.4171346,2
0.4618921,-0.3131554,2
-0.1419166,0.04833294,2
-0.6469914,1.2934556,2
-1.01724,0.2030112,2
-0.6674315,-0.5520718,2
-0.5484892,0.4251436,2
0.2811896,-0.5170442,2
-0.5645913,0.8082512,2
-0.5904856,1.5689226,2
0.04039497,0.5745706,2
-0.85933,1.9073594,2
-1.18822,-1.7015734,2
0.3084205,0.5948322,2
-0.1438869,-0.2028172,2
-0.288158,-0.1530989,2
-0.1648684,-0.6218456,2
0.08883219,0.368498,2
0.3722578,0.015712006,2
-0.2152271,-0.883056,2
0.3796655,-0.2337286,2
-0.08965987,1.0827258,2
0.1193578,2.983472,2
-0.07709591,-1.8349454,2
0.2114342,-0.4868466,2
-0.2284757,0.11481446,2
-0.6807403,-0.223059,2
-0.2102991,1.701896,2
1.034481,0.771019,2
-0.9652687,0.3182288,2
0.4302354,0.7024432,2
0.4297943,-2.573196,2
-0.4739275,0.8246854,2
-0.4106523,1.3368238,2
-0.8436402,-0.45805,2
0.2897486,-1.0980496,2
-0.03335899,-0.5151604,2
-0.1255304,0.06600602,2
-1.180678,-0.8294128,2
-0.478194,0.015862592,2
-0.6864016,-2.121494,2
0.4719316,0.08709364,2
-0.3045806,0.2452026,2
-0.7020172,0.13222722,2
-0.5195333,-0.250573,2
0.06704511,-0.007465646,2
0.1231966,0.09643718,2
-0.6836723,1.3080132,2
-0.5620535,-0.07254712,2
-0.8333009,-0.207792,2
-0.2938052,0.11204646,2
-0.1511925,0.7515822,2
0.1281774,-0.2133124,2
0.05862052,-0.3487354,2
-0.4902833,0.658431,2
-0.3262402,1.30437,2
-0.3500804,0.8010728,2
-0.1603608,0.17244144,2
-0.1958163,2.057462,2
0.2864214,-0.2365576,2
-0.01477845,1.4525154,2
0.3676971,-1.1081208,2
-0.9876737,-0.5025176,2
-0.04472504,-0.9710154,2
-0.3657499,1.40864,2
-0.1971272,-0.393917,2
-0.4170559,2.266332,2
-0.5640086,-2.72567,2
0.240972,0.02785068,2
-0.7661087,-0.9772262,2
-1.109718,0.13347602,2
-0.1159373,1.2283144,2
-0.5367073,1.0941556,2
-0.6085146,-0.6251606,2
0.114727,-1.4608416,2
-0.5055949,1.0569004,2
0.7679334,-2.606924,2
-0.147842,1.1126938,2
-0.2814885,0.439269,2
0.02365974,1.0840016,2
-0.5693331,-1.1510516,2
0.4351612,-0.7862576,2
-0.4483302,-0.5349694,2
-0.4731076,0.1795578,2
0.1376776,-0.011127456,2
-0.1543883,-1.0714596,2
-0.9164081,-0.3926254,2
0.12193,0.5703334,2
-0.07930207,-1.8217078,2
-0.3531495,-1.5057374,2
-0.5170889,0.2823288,2
0.04300496,-1.2764406,2
-0.915829,-2.318348,2
0.3367666,0.1977574,2
0.1329379,0.3847292,2
-0.3017929,-1.0740654,2
0.234684,0.269002,2
0.1102068,-0.07124294,2
-0.4393542,1.176735,2
0.3900766,-1.7666702,2
0.1465073,0.5965,2
-0.4686031,-0.7474906,2
-0.148388,-0.5246914,2
-0.1972841,2.141616,2
0.002078808,1.0455604,2
0.02792297,1.6655666,2
-0.04650483,0.14501586,2
0.1368323,-0.2028492,2
-0.5029775,0.293732,2
0.6827275,-0.3064896,2
-0.5223387,-2.020288,2
-0.07789684,1.1002462,2
-0.0587108,-0.16739876,2
-0.3366028,0.07757992,2
0.005839822,0.777852,2
-0.3501205,1.6021558,2
-0.1175241,0.4082578,2
0.05010544,0.03439878,2
-0.3745152,-0.06953644,2
-0.8977596,0.9125924,2
-0.4831889,0.240432,2
-0.5843087,0.3527996,2
-0.5932662,-1.3211586,2
0.04226876,0.317953,2
0.05003411,-0.10495628,2
0.1143298,-1.2133216,2
-0.6658455,-0.8474488,2
-0.05581323,0.348916,2
-0.6242788,-0.7595066,2
0.08335289,-1.3816846,2
0.2658373,-0.5797124,2
-0.8966882,0.9001122,2
0.02063918,-0.426853,2
-0.4583787,1.328362,2
-0.4105017,-0.018413398,2
-0.1946285,-0.2794354,2
-0.4534052,-0.14177376,2
-0.510475,-0.5069226,2
0.006774844,-1.4135908,2
-0.5381379,-0.8302786,2
0.13181,-1.5599712,2
-0.2351263,0.0299753,2
-0.1494102,2.490168,2
-0.1693371,1.0091114,2
0.233122,1.0549046,2
-0.6900504,-1.3408404,2
0.47202,-0.17852832,2
-0.7895176,0.412977,2
0.4517987,0.19601188,2
-0.5383215,0.08293548,2
-0.1611009,-0.02134908,2
-1.001941,1.203855,2
-0.197847,-1.572353,2
-0.9251351,1.1603078,2
-0.7621722,-0.382723,2
-0.6335791,-0.5471698,2
-0.4749647,-1.39805,2
-0.1071005,-0.7467394,2
-0.7154286,-0.3886338,2
-0.422849,0.7328534,2
0.04885688,-0.2519986,2
-0.6750154,1.2191594,2
0.1738224,-2.830312,2
-0.465062,-0.470668,2
0.427117,-1.0171256,2
0.1873801,0.952085,2
-0.3282408,-1.4135968,2
0.06162257,0.3989794,2
-0.799683,1.032669,2
-0.7336628,0.405962,2
-0.2402235,0.5802464,2
-0.4229578,1.1345338,2
0.1009044,1.780815,2
-0.2580794,0.7897302,2
-1.038557,1.7966036,2
-0.2319587,0.6074004,2
-0.4104061,0.2495392,2
0.1206508,-0.846545,2
-0.1218113,-0.7732194,2
-0.1491531,0.0829292,2
-0.7444477,0.6313952,2
0.2349966,-0.649716,2
-0.7858851,0.5841048,2
0.1329606,0.228181,2
0.2606526,-1.5935664,2
0.004735739,-0.9135902,2
-0.627247,-0.5680172,2
-0.1238743,-0.415576,2
0.2748373,-1.1031334,2
-0.3227105,-0.18525956,2
-0.1423475,0.3897022,2
-0.4027214,-1.5928636,2
-0.2934717,-0.2365324,2
-1.604942,-1.347687,2
-0.4879556,0.16073714,2
0.4291281,-1.2125548,2
-0.7942559,0.4957264,2
-0.4093574,0.9081548,2
-0.4869219,1.6505996,2
-0.2106757,-0.8428702,2
0.4091411,-0.852663,2
0.3306543,-0.44145,2
-0.3876253,1.01416,2
-0.5663948,-1.3104624,2
0.323936,-1.0755242,2
-0.2366491,0.0806089,2
-0.2866456,-0.1079398,2
-0.5874413,-0.4047172,2
0.05520521,0.5362088,2
-0.109489,1.6758516,2
-0.137732,1.4523106,2
-0.540273,-1.3568568,2
-0.2237155,0.253698,2
-0.4051576,0.19391578,2
0.4272398,-0.823651,2
0.0105489,-0.6846842,2
-0.0944152,1.1423378,2
0.2790679,0.0659099,2
-0.2619596,1.229984,2
-0.06316633,-0.1550429,2
-0.523502,-0.4030134,2
-0.3882327,0.788244,2
-0.4664742,-0.8761654,2
-0.07435877,1.9406226,2
-1.10062,0.05623876,2
-0.3987824,1.0414956,2
-0.03355748,0.7046244,2
-0.3413147,-0.04826854,2
0.04530258,-0.4085734,2
0.4223352,0.829847,2
0.01548734,-0.016955572,2
-0.5874508,-0.2115436,2
0.5067304,-1.031261,2
0.01001136,1.3669126,2
-0.2805827,-0.635937,2
0.007675879,1.2733744,2
-0.03334126,1.2289128,2
-0.5942326,-2.38173,2
0.1458843,-1.554678,2
-0.1679417,0.02637666,2
-0.6721567,1.1581646,2
-0.2145319,-1.6574236,2
-0.5923395,-0.0291505,2
-0.6135625,0.2826074,2
-0.4726248,0.10548332,2
-0.2838835,1.0137984,2
-0.07527475,-0.2085138,2
-1.024668,1.3825992,2
-1.264911,-1.1487924,2
-1.317899,0.006091588,2
-0.1931767,-0.8996188,2
-0.137731,-0.2464466,2
-0.7793682,0.616446,2
-0.4101147,-0.7492234,2
0.01317787,2.093958,2
-0.1567723,1.8506804,2
0.4808718,1.8029236,2
0.4155308,2.819934,2
-0.3104808,-3.223308,2
-0.115703,-0.1428738,2
-0.2212981,-0.2838174,2
-0.9815968,0.8632444,2
-0.4214273,-0.1478861,2
0.1749893,1.5936046,2
-0.5231516,0.786254,2
-0.7674293,1.2514024,2
-0.2786024,-1.1516754,2
-0.2944609,1.23647,2
-0.4148632,0.5345074,2
0.2927356,1.794515,2
-0.07185458,-0.6462834,2
-0.1475019,-0.4576998,2
-0.6819245,-1.770921,2
-0.1227592,0.5327004,2
-0.4368669,0.3882928,2
-0.7342158,0.80722,2
-0.2110465,0.770269,2
-0.5382064,-1.4271802,2
-1.099675,0.3840828,2
-0.6686849,0.5354418,2
0.257254,0.07181576,2
0.2815568,1.4341474,2
-0.6424866,0.9080282,2
0.2070751,0.5092712,2
0.7053315,-1.13869,2
-0.1125457,-0.613766,2
-0.3959951,0.10475458,2
-0.5491173,-2.470326,2
-0.3992538,-0.3552976,2
-0.1748476,-0.5872662,2
-0.08628063,-0.19508992,2
-0.5245125,-0.3813558,2
-0.401477,-0.6294898,2
-0.2671349,-0.5448596,2
-0.0397932,0.9844476,2
-0.8014937,-0.6689732,2
-0.7502762,-0.4082158,2
-0.1364055,-0.2679116,2
-0.6548276,-2.378864,2
0.04735945,-0.6181172,2
0.1207297,-0.07688574,2
0.6283502,-0.3067216,2
-0.148692,1.0689826,2
0.5728551,-0.258312,2
-0.1346388,0.3071306,2
-0.2072359,-1.6580152,2
0.1962718,0.5708902,2
-0.4724022,-0.8243138,2
0.3696029,0.893717,2
0.2102455,-1.6408904,2
0.1658492,-0.4309994,2
1.256102,-2.34341,3
1.590889,-1.429529,3
1.409082,-1.4857328,3
1.303326,-1.1218806,3
1.733186,-1.7468872,3
1.783874,-2.84473,3
1.54579,-1.376152,3
1.493516,-2.566014,3
1.449528,-1.6278842,3
1.466861,-1.0026426,3
1.55304,-0.9235974,3
1.453783,-0.7513002,3
1.396795,-0.74759,3
1.26362,-1.862768,3
1.351886,-2.13329,3
1.225357,-1.4664434,3
1.572435,-0.86787,3
1.519571,-0.998765,3
1.644995,-0.7387028,3
1.096412,-1.8436662,3
1.655571,-1.7509808,3
1.610622,-2.206348,3
1.54884,-1.8385818,3
1.877783,-1.260568,3
1.283229,-1.9358126,3
1.480001,-2.059554,3
1.460048,-1.7705954,3
1.516844,-1.3357292,3
1.391718,-2.575806,3
1.963274,-2.059396,3
1.083424,-1.825537,3
1.294022,-0.7222592,3
1.530805,-2.388022,3
1.476933,-0.9687808,3
1.174685,-2.55566,3
1.496758,-1.4271216,3
1.45564,-2.350774,3
1.325947,-2.101894,3
1.392324,-3.23328,3
1.593586,-3.190942,3
1.704751,-2.578802,3
1.091744,-2.363484,3
1.692334,-1.4686296,3
1.30066,-1.491641,3
1.402442,-2.168692,3
1.623109,-1.4596276,3
1.462916,-2.28109,3
1.73559,-1.057762,3
1.051083,-1.717245,3
1.486789,-0.16925906,3
1.362734,-2.554704,3
1.473021,-1.576437,3
1.702281,-1.747858,3
1.422796,-2.090108,3
1.5328,-2.761686,3
1.635723,-1.2877828,3
1.319402,-0.9626672,3
1.549587,-2.008456,3
1.727149,-1.806173,3
1.380524,-1.569315,3
1.287803,-1.844748,3
1.310492,-0.623083,3
1.677323,-1.2330128,3
1.262496,-1.0312696,3
1.361808,-1.762943,3
1.697699,-1.1956686,3
1.614516,-0.7956136,3
1.69681,-0.8706956,3
1.312359,-1.969485,3
1.589132,-2.22593,3
1.328101,-1.8318362,3
1.2601,-2.364018,3
1.246349,-2.543472,3
1.839779,-2.398166,3
1.353678,-2.570944,3
1.842735,-1.0275976,3
1.300836,-1.9198514,3
1.518121,-2.301196,3
1.875471,-1.5842172,3
1.542171,-1.2193332,3
1.505256,-1.9854052,3
1.527424,-2.085582,3
1.567416,-0.9533338,3
1.502538,-1.9733734,3
1.970763,-1.9500626,3
1.289846,-1.7297582,3
1.068967,-2.025118,3
0.7936874,-2.199134,3
1.755668,-2.321536,3
1.499144,-2.172714,3
1.707133,-2.74893,3
1.518152,-2.318878,3
1.323637,-0.4011118,3
1.285846,-1.8360616,3
1.611994,-0.8606828,3
1.363602,-2.297262,3
1.600352,-2.204138,3
1.505171,-1.5003802,3
1.851583,-2.040394,3
1.556782,-2.041018,3
1.620024,-1.3234,3
1.676202,-2.131596,3
0.9379631,-2.271064,3
1.20951,-1.6048548,3
1.452201,-2.755338,3
1.603815,-1.8423616,3
1.555774,-2.237328,3
1.659587,-1.826602,3
1.764638,-2.178098,3
1.349449,-1.37073,3
1.181485,-1.6937442,3
1.181953,-1.5673092,3
1.547868,-1.1616382,3
1.234832,-0.7530828,3
1.036521,-1.9445854,3
1.714229,-2.131686,3
1.326734,-1.6222528,3
1.682328,-2.732118,3
1.697567,-1.5248432,3
1.252235,-2.235454,3
1.070009,-3.025246,3
1.608133,-1.1036934,3
1.394334,-1.6546908,3
1.517339,-1.1825512,3
1.760173,-2.032958,3
1.821763,-1.8612318,3
1.581509,-1.773112,3
1.226906,-0.769079,3
1.58273,-2.406676,3
1.517745,-1.8827912,3
1.324571,-1.4987442,3
1.290309,-1.3525938,3
1.520376,-2.711032,3
1.927417,-1.6657414,3
1.245882,-2.590008,3
1.696741,-1.0079788,3
1.522011,-1.8768762,3
1.598541,-1.7471216,3
1.428731,-2.712348,3
1.363847,-1.9797056,3
1.325894,-2.148862,3
1.439003,-2.014326,3
1.750477,-1.7780486,3
1.320041,-2.362104,3
2.006859,-1.8942342,3
1.184402,-1.4393288,3
1.80164,-2.732868,3
1.249373,-2.514606,3
1.343478,-1.4264018,3
1.671453,-1.316548,3
1.598955,-1.5553886,3
1.84828,-1.1199918,3
1.379071,-0.006019562,3
1.644128,-1.9268302,3
1.499379,-1.1588498,3
1.490725,-1.823513,3
1.635919,-1.6604858,3
1.512155,-1.0159552,3
1.695983,-0.4934996,3
1.566228,-2.677336,3
1.525452,-0.5420892,3
1.542363,-1.538349,3
1.426021,-2.040414,3
1.146194,-2.220712,3
1.509535,-2.111742,3
1.578111,-0.9789318,3
1.268227,-1.9630518,3
1.8602,-1.9942646,3
1.680209,-1.2191944,3
1.741882,-2.626168,3
1.557655,-1.3878634,3
1.236412,-2.570758,3
1.557732,-2.533476,3
1.405162,-1.8749756,3
1.685189,-0.7432846,3
1.567248,-2.772778,3
1.55368,-1.239837,3
1.479725,-2.454384,3
1.620935,-2.459948,3
1.342316,-0.823791,3
1.666949,-2.744038,3
1.236985,-1.831863,3
1.741129,-1.1106908,3
1.50846,-2.015262,3
1.544911,-2.293398,3
1.726819,-2.572662,3
1.102469,-1.6782054,3
1.20128,-1.6762856,3
1.512027,-1.3258646,3
1.526835,-1.7924326,3
1.472817,-1.8596222,3
1.548807,-1.3002224,3
1.720469,-2.38451,3
1.58309,-2.795114,3
1.479304,-1.8753442,3
1.454552,-2.078816,3
1.687199,-1.5684176,3
1.393774,-1.9051666,3
1.475725,-0.92858,3
1.561079,-1.4497154,3
